{"residual": false, "dim1": 512, "dim2": 0.4615205356389198, "dim3": 0.5260292183360776, "dropout": 0.5, "weight_decay": 1.4838834201141283e-05, "learning_rate": 0.0008031403533624206, "batch_size": 256}