{"residual": false, "dim1": 320, "dim2": 0.5091606773717285, "dim3": 0.37017625068814686, "dropout": 0.30000000000000004, "weight_decay": 0.0051128217229257904, "learning_rate": 0.00010736420629235227, "batch_size": 512, "a_cal": -0.5701909722101184, "b_cal": 0.037140566056869044, "confidence_threshold": 0.95}