{"residual": false, "dim1": 512, "dim2": 0.30238173099760546, "dim3": 0.44266828809014125, "dropout": 0.5, "weight_decay": 0.0005827232742277441, "learning_rate": 0.0004386954994446651, "batch_size": 64, "temperature": 1.5958009492492344}